user_id,channel,timestamp,campaign,spend,converted
U0001,Email,2024-07-23 00:00:00,Campaign_Winter_2,17.24,0
U0001,Organic Search,2024-07-26 00:00:00,Campaign_Winter_4,10.55,0
U0001,Google Ads,2024-09-01 00:00:00,Campaign_Summer_2,15.44,1
U0002,Google Ads,2024-10-19 00:00:00,Campaign_Fall_5,6.62,0
U0002,Webinar,2024-11-06 00:00:00,Campaign_Winter_1,23.82,0
U0003,Facebook Ads,2024-07-18 00:00:00,Campaign_Summer_4,9.54,0
U0004,Facebook Ads,2024-03-30 00:00:00,Campaign_Fall_2,7.68,0
U0004,Google Ads,2024-04-27 00:00:00,Campaign_Summer_5,11.8,0
U0004,Webinar,2024-04-13 00:00:00,Campaign_Winter_2,20.02,0
U0004,LinkedIn,2024-05-11 00:00:00,Campaign_Spring_5,21.03,0
U0005,Google Ads,2024-05-05 00:00:00,Campaign_Spring_1,17.21,0
U0005,LinkedIn,2024-05-18 00:00:00,Campaign_Winter_4,2.22,0
U0005,Email,2024-05-31 00:00:00,Campaign_Spring_5,16.35,0
U0006,Google Ads,2024-08-12 00:00:00,Campaign_Fall_4,20.79,0
U0007,LinkedIn,2024-07-05 00:00:00,Campaign_Winter_4,19.79,0
U0008,LinkedIn,2024-03-15 00:00:00,Campaign_Spring_2,9.48,0
U0008,Email,2024-04-05 00:00:00,Campaign_Summer_2,19.99,0
U0009,Webinar,2024-05-15 00:00:00,Campaign_Spring_4,22.53,0
U0009,Facebook Ads,2024-05-30 00:00:00,Campaign_Fall_3,7.73,0
U0009,Email,2024-06-12 00:00:00,Campaign_Winter_3,14.42,0
U0009,Google Ads,2024-07-11 00:00:00,Campaign_Summer_2,13.28,1
U0010,Email,2024-04-23 00:00:00,Campaign_Fall_3,23.65,0
U0011,Webinar,2024-10-17 00:00:00,Campaign_Winter_3,4.28,0
U0011,Webinar,2024-11-11 00:00:00,Campaign_Summer_2,15.38,0
U0011,Organic Search,2024-12-10 00:00:00,Campaign_Fall_2,1.19,0
U0012,Google Ads,2024-10-25 00:00:00,Campaign_Fall_3,18.17,0
U0012,LinkedIn,2024-11-17 00:00:00,Campaign_Winter_4,15.65,0
U0012,Email,2024-11-04 00:00:00,Campaign_Summer_5,21.39,0
U0012,LinkedIn,2024-11-24 00:00:00,Campaign_Fall_4,21.7,1
U0013,Facebook Ads,2024-03-27 00:00:00,Campaign_Winter_4,0.85,0
U0013,Google Ads,2024-04-26 00:00:00,Campaign_Fall_2,8.08,0
U0013,Facebook Ads,2024-04-10 00:00:00,Campaign_Fall_5,19.56,0
U0013,Google Ads,2024-06-10 00:00:00,Campaign_Summer_3,12.72,0
U0013,Webinar,2024-06-07 00:00:00,Campaign_Spring_5,22.5,0
U0013,Facebook Ads,2024-07-20 00:00:00,Campaign_Fall_1,10.26,0
U0013,Email,2024-04-14 00:00:00,Campaign_Spring_3,14.06,0
U0013,Webinar,2024-07-24 00:00:00,Campaign_Spring_1,11.44,0
U0014,Facebook Ads,2024-05-05 00:00:00,Campaign_Summer_2,17.4,0
U0014,Facebook Ads,2024-05-19 00:00:00,Campaign_Spring_5,7.01,0
U0014,Google Ads,2024-05-21 00:00:00,Campaign_Summer_1,22.7,0
U0014,LinkedIn,2024-05-17 00:00:00,Campaign_Fall_1,5.59,1
U0015,Organic Search,2024-10-26 00:00:00,Campaign_Spring_5,22.1,0
U0015,Email,2024-10-27 00:00:00,Campaign_Spring_2,12.22,0
U0015,Google Ads,2024-11-23 00:00:00,Campaign_Winter_2,2.95,0
U0015,Facebook Ads,2024-12-19 00:00:00,Campaign_Winter_3,14.45,0
U0016,Webinar,2024-02-27 00:00:00,Campaign_Summer_5,20.24,0
U0016,Organic Search,2024-03-17 00:00:00,Campaign_Spring_3,18.99,0
U0016,Email,2024-04-05 00:00:00,Campaign_Winter_2,8.55,0
U0016,LinkedIn,2024-04-12 00:00:00,Campaign_Fall_3,6.97,0
U0016,Facebook Ads,2024-05-05 00:00:00,Campaign_Fall_3,17.11,0
U0016,Email,2024-05-17 00:00:00,Campaign_Winter_1,24.44,0
U0016,Facebook Ads,2024-08-25 00:00:00,Campaign_Winter_1,8.32,0
U0017,Organic Search,2024-09-10 00:00:00,Campaign_Fall_1,23.17,0
U0017,Email,2024-09-24 00:00:00,Campaign_Summer_2,19.58,0
U0017,Facebook Ads,2024-10-28 00:00:00,Campaign_Summer_3,12.79,0
U0017,LinkedIn,2024-10-10 00:00:00,Campaign_Winter_1,17.28,0
U0017,LinkedIn,2025-01-04 00:00:00,Campaign_Summer_5,16.96,0
U0017,Facebook Ads,2024-10-30 00:00:00,Campaign_Summer_4,19.75,0
U0017,Facebook Ads,2025-02-19 00:00:00,Campaign_Summer_3,23.94,0
U0017,Webinar,2024-12-24 00:00:00,Campaign_Winter_3,6.1,1
U0018,Email,2024-08-29 00:00:00,Campaign_Fall_2,8.0,0
U0018,Email,2024-09-21 00:00:00,Campaign_Fall_4,8.05,0
U0018,Organic Search,2024-10-04 00:00:00,Campaign_Winter_1,19.17,0
U0018,Google Ads,2024-10-04 00:00:00,Campaign_Winter_3,16.32,0
U0018,Organic Search,2024-09-14 00:00:00,Campaign_Fall_1,20.55,0
U0019,Email,2024-04-16 00:00:00,Campaign_Fall_1,8.39,0
U0019,Organic Search,2024-05-11 00:00:00,Campaign_Fall_5,14.22,0
U0019,Facebook Ads,2024-04-28 00:00:00,Campaign_Winter_3,3.12,0
U0019,Facebook Ads,2024-05-07 00:00:00,Campaign_Fall_4,23.57,0
U0020,Webinar,2024-01-24 00:00:00,Campaign_Winter_2,7.36,0
U0020,LinkedIn,2024-02-12 00:00:00,Campaign_Winter_1,2.99,0
U0020,Email,2024-03-04 00:00:00,Campaign_Fall_5,9.55,0
U0020,Email,2024-04-20 00:00:00,Campaign_Spring_4,3.79,0
U0020,Google Ads,2024-04-25 00:00:00,Campaign_Fall_4,20.7,0
U0020,Facebook Ads,2024-06-07 00:00:00,Campaign_Fall_5,5.4,0
U0020,Organic Search,2024-02-05 00:00:00,Campaign_Summer_3,14.53,0
U0020,Webinar,2024-07-10 00:00:00,Campaign_Fall_5,13.51,0
U0021,Google Ads,2024-01-12 00:00:00,Campaign_Fall_3,22.68,0
U0021,Webinar,2024-01-26 00:00:00,Campaign_Summer_2,8.37,0
U0021,Organic Search,2024-01-26 00:00:00,Campaign_Fall_3,5.38,0
U0021,Email,2024-03-18 00:00:00,Campaign_Fall_5,18.82,0
U0021,Facebook Ads,2024-01-12 00:00:00,Campaign_Spring_4,10.97,1
U0022,LinkedIn,2024-01-25 00:00:00,Campaign_Fall_1,14.36,0
U0022,LinkedIn,2024-01-26 00:00:00,Campaign_Fall_5,12.55,0
U0022,Email,2024-03-01 00:00:00,Campaign_Spring_1,14.35,0
U0022,Google Ads,2024-03-16 00:00:00,Campaign_Summer_5,21.23,0
U0022,LinkedIn,2024-02-02 00:00:00,Campaign_Winter_5,16.43,0
U0022,Google Ads,2024-02-24 00:00:00,Campaign_Winter_3,11.91,0
U0022,Webinar,2024-07-11 00:00:00,Campaign_Summer_3,2.29,0
U0022,LinkedIn,2024-06-13 00:00:00,Campaign_Fall_4,13.43,0
U0023,Google Ads,2024-01-11 00:00:00,Campaign_Winter_1,0.71,0
U0023,Organic Search,2024-01-21 00:00:00,Campaign_Summer_3,21.46,0
U0023,Webinar,2024-02-16 00:00:00,Campaign_Fall_5,11.71,0
U0023,Facebook Ads,2024-03-14 00:00:00,Campaign_Fall_5,4.24,0
U0023,Facebook Ads,2024-04-16 00:00:00,Campaign_Summer_3,4.95,0
U0023,LinkedIn,2024-01-11 00:00:00,Campaign_Spring_2,13.73,0
U0023,Google Ads,2024-07-09 00:00:00,Campaign_Fall_3,23.25,0
U0024,Email,2024-04-13 00:00:00,Campaign_Summer_2,19.42,0
U0024,Facebook Ads,2024-04-13 00:00:00,Campaign_Winter_1,20.94,0
U0024,Google Ads,2024-05-07 00:00:00,Campaign_Winter_2,9.82,0
U0024,Organic Search,2024-05-25 00:00:00,Campaign_Winter_2,5.54,1
U0025,LinkedIn,2024-03-04 00:00:00,Campaign_Spring_2,19.04,0
U0025,Organic Search,2024-03-07 00:00:00,Campaign_Fall_3,10.67,0
U0025,Google Ads,2024-03-16 00:00:00,Campaign_Fall_4,6.75,0
U0025,Organic Search,2024-03-13 00:00:00,Campaign_Spring_1,9.81,0
U0025,Organic Search,2024-04-25 00:00:00,Campaign_Spring_3,9.33,0
U0025,Google Ads,2024-04-18 00:00:00,Campaign_Winter_3,6.12,0
U0025,Google Ads,2024-07-14 00:00:00,Campaign_Winter_4,0.89,1
U0026,Facebook Ads,2024-06-14 00:00:00,Campaign_Summer_5,0.73,0
U0026,Facebook Ads,2024-06-30 00:00:00,Campaign_Summer_4,19.18,0
U0026,LinkedIn,2024-06-16 00:00:00,Campaign_Summer_3,9.61,0
U0026,Facebook Ads,2024-07-23 00:00:00,Campaign_Winter_2,4.78,0
U0026,Facebook Ads,2024-08-17 00:00:00,Campaign_Summer_3,22.04,1
U0027,Email,2024-03-24 00:00:00,Campaign_Winter_3,22.77,0
U0027,LinkedIn,2024-04-01 00:00:00,Campaign_Fall_1,19.69,1
U0028,Webinar,2024-01-15 00:00:00,Campaign_Summer_4,1.64,0
U0028,LinkedIn,2024-01-27 00:00:00,Campaign_Summer_2,2.95,0
U0028,Facebook Ads,2024-02-06 00:00:00,Campaign_Spring_4,24.71,0
U0028,Organic Search,2024-01-24 00:00:00,Campaign_Winter_4,21.48,0
U0028,Organic Search,2024-03-23 00:00:00,Campaign_Summer_5,20.33,0
U0028,Email,2024-01-15 00:00:00,Campaign_Winter_4,22.54,0
U0029,Email,2024-03-06 00:00:00,Campaign_Spring_4,12.57,0
U0029,LinkedIn,2024-04-01 00:00:00,Campaign_Summer_2,5.87,0
U0029,Facebook Ads,2024-03-14 00:00:00,Campaign_Summer_1,18.71,0
U0029,Organic Search,2024-05-11 00:00:00,Campaign_Fall_5,3.08,0
U0029,Email,2024-04-03 00:00:00,Campaign_Summer_3,8.55,1
U0030,Email,2024-09-23 00:00:00,Campaign_Summer_3,10.84,0
U0030,Facebook Ads,2024-10-14 00:00:00,Campaign_Spring_4,15.98,0
U0030,Facebook Ads,2024-11-12 00:00:00,Campaign_Summer_1,4.0,0
U0030,Facebook Ads,2024-09-26 00:00:00,Campaign_Summer_4,8.4,0
U0030,Organic Search,2024-12-04 00:00:00,Campaign_Winter_3,5.1,0
U0030,LinkedIn,2025-02-05 00:00:00,Campaign_Winter_4,24.82,0
U0030,LinkedIn,2024-12-16 00:00:00,Campaign_Fall_5,11.28,0
U0030,Email,2025-03-03 00:00:00,Campaign_Fall_3,24.92,0
U0031,Organic Search,2024-05-10 00:00:00,Campaign_Winter_1,16.87,0
U0031,LinkedIn,2024-05-20 00:00:00,Campaign_Fall_1,19.66,0
U0031,Webinar,2024-06-05 00:00:00,Campaign_Spring_5,3.59,1
U0032,LinkedIn,2024-08-22 00:00:00,Campaign_Fall_2,21.9,0
U0032,Organic Search,2024-08-31 00:00:00,Campaign_Winter_5,24.62,0
U0032,LinkedIn,2024-08-26 00:00:00,Campaign_Summer_4,20.59,0
U0032,LinkedIn,2024-11-14 00:00:00,Campaign_Summer_2,21.08,0
U0033,Email,2024-01-09 00:00:00,Campaign_Summer_5,21.57,0
U0033,Google Ads,2024-01-25 00:00:00,Campaign_Fall_5,6.15,0
U0033,LinkedIn,2024-03-09 00:00:00,Campaign_Summer_3,4.39,0
U0033,Facebook Ads,2024-03-12 00:00:00,Campaign_Summer_2,13.75,1
U0034,Organic Search,2024-04-13 00:00:00,Campaign_Fall_4,22.57,0
U0034,Organic Search,2024-04-26 00:00:00,Campaign_Winter_3,3.83,0
U0034,Email,2024-06-12 00:00:00,Campaign_Spring_1,6.66,0
U0034,Webinar,2024-06-03 00:00:00,Campaign_Fall_2,23.11,0
U0034,LinkedIn,2024-06-28 00:00:00,Campaign_Spring_1,19.0,0
U0034,Facebook Ads,2024-05-03 00:00:00,Campaign_Winter_2,19.23,0
U0034,Facebook Ads,2024-09-10 00:00:00,Campaign_Winter_2,16.33,1
U0035,Google Ads,2024-04-09 00:00:00,Campaign_Summer_3,3.94,0
U0035,Google Ads,2024-04-21 00:00:00,Campaign_Summer_2,11.36,0
U0035,Email,2024-05-21 00:00:00,Campaign_Fall_1,16.1,0
U0035,Email,2024-05-27 00:00:00,Campaign_Spring_5,12.04,0
U0035,Organic Search,2024-07-02 00:00:00,Campaign_Fall_1,13.76,0
U0035,Organic Search,2024-07-13 00:00:00,Campaign_Summer_1,22.07,0
U0035,Webinar,2024-08-31 00:00:00,Campaign_Fall_3,23.76,1
U0036,Google Ads,2024-07-14 00:00:00,Campaign_Winter_4,14.83,0
U0037,Google Ads,2024-05-29 00:00:00,Campaign_Fall_2,21.8,0
U0037,Organic Search,2024-06-19 00:00:00,Campaign_Winter_4,1.89,0
U0037,Email,2024-06-04 00:00:00,Campaign_Fall_3,16.19,0
U0037,Organic Search,2024-06-28 00:00:00,Campaign_Fall_3,2.54,0
U0037,Webinar,2024-06-10 00:00:00,Campaign_Winter_2,14.85,0
U0037,LinkedIn,2024-07-03 00:00:00,Campaign_Winter_3,3.05,0
U0037,Webinar,2024-10-20 00:00:00,Campaign_Winter_5,15.36,0
U0037,Organic Search,2024-10-02 00:00:00,Campaign_Winter_1,15.24,1
U0038,Facebook Ads,2024-10-21 00:00:00,Campaign_Fall_5,16.98,0
U0038,LinkedIn,2024-11-18 00:00:00,Campaign_Winter_4,18.1,1
U0039,Organic Search,2024-06-26 00:00:00,Campaign_Spring_4,20.42,0
U0040,Google Ads,2024-01-14 00:00:00,Campaign_Fall_1,7.66,0
U0040,Google Ads,2024-01-27 00:00:00,Campaign_Winter_3,9.29,0
U0040,Email,2024-02-25 00:00:00,Campaign_Fall_2,7.28,0
U0040,Google Ads,2024-03-29 00:00:00,Campaign_Fall_4,17.63,0
U0040,Email,2024-04-03 00:00:00,Campaign_Summer_2,14.18,0
U0040,LinkedIn,2024-05-28 00:00:00,Campaign_Fall_4,18.96,0
U0040,Facebook Ads,2024-06-06 00:00:00,Campaign_Winter_1,8.68,1
U0041,Webinar,2024-06-11 00:00:00,Campaign_Spring_4,8.17,0
U0041,Webinar,2024-06-26 00:00:00,Campaign_Summer_4,5.45,0
U0041,Webinar,2024-08-04 00:00:00,Campaign_Winter_3,8.76,0
U0041,Email,2024-07-23 00:00:00,Campaign_Summer_2,8.41,0
U0042,LinkedIn,2024-04-07 00:00:00,Campaign_Fall_5,13.69,0
U0042,LinkedIn,2024-04-19 00:00:00,Campaign_Spring_2,2.79,0
U0043,LinkedIn,2024-05-14 00:00:00,Campaign_Fall_4,3.76,0
U0043,Google Ads,2024-05-26 00:00:00,Campaign_Fall_5,14.47,0
U0043,Email,2024-05-18 00:00:00,Campaign_Summer_4,20.74,0
U0043,LinkedIn,2024-06-04 00:00:00,Campaign_Summer_3,1.15,0
U0043,Webinar,2024-06-11 00:00:00,Campaign_Summer_2,21.94,0
U0043,Webinar,2024-07-23 00:00:00,Campaign_Summer_2,0.8,0
U0043,Google Ads,2024-06-25 00:00:00,Campaign_Winter_4,10.66,1
U0044,LinkedIn,2024-07-30 00:00:00,Campaign_Winter_5,22.27,0
U0044,Webinar,2024-08-11 00:00:00,Campaign_Fall_3,20.18,0
U0044,Organic Search,2024-08-15 00:00:00,Campaign_Fall_3,22.55,0
U0044,Facebook Ads,2024-10-25 00:00:00,Campaign_Fall_5,9.25,1
U0045,Facebook Ads,2024-06-13 00:00:00,Campaign_Summer_1,24.53,0
U0045,LinkedIn,2024-07-08 00:00:00,Campaign_Winter_5,8.18,0
U0045,LinkedIn,2024-08-02 00:00:00,Campaign_Summer_3,18.08,0
U0046,Google Ads,2024-08-26 00:00:00,Campaign_Winter_5,11.23,0
U0046,Organic Search,2024-09-13 00:00:00,Campaign_Spring_2,1.04,0
U0046,LinkedIn,2024-09-23 00:00:00,Campaign_Spring_3,12.18,0
U0046,Facebook Ads,2024-10-31 00:00:00,Campaign_Spring_3,2.1,1
U0047,Webinar,2024-10-18 00:00:00,Campaign_Spring_5,12.52,0
U0047,Facebook Ads,2024-11-09 00:00:00,Campaign_Winter_2,16.71,0
U0047,LinkedIn,2024-11-05 00:00:00,Campaign_Fall_3,6.2,0
U0047,LinkedIn,2025-01-01 00:00:00,Campaign_Winter_2,19.27,0
U0047,LinkedIn,2025-01-10 00:00:00,Campaign_Fall_1,24.29,1
U0048,Google Ads,2024-07-02 00:00:00,Campaign_Spring_5,10.64,0
U0049,Facebook Ads,2024-04-09 00:00:00,Campaign_Summer_1,16.41,0
U0049,Webinar,2024-04-24 00:00:00,Campaign_Spring_3,2.68,0
U0049,Organic Search,2024-06-08 00:00:00,Campaign_Winter_4,9.84,1
U0050,Google Ads,2024-03-11 00:00:00,Campaign_Fall_3,4.85,0
U0050,Email,2024-03-24 00:00:00,Campaign_Winter_1,5.02,0
U0050,Facebook Ads,2024-04-04 00:00:00,Campaign_Summer_3,24.65,0
U0050,Google Ads,2024-05-10 00:00:00,Campaign_Fall_4,18.92,0
U0050,Email,2024-05-14 00:00:00,Campaign_Spring_5,1.99,0
U0050,Google Ads,2024-06-04 00:00:00,Campaign_Fall_1,4.63,0
U0050,LinkedIn,2024-09-07 00:00:00,Campaign_Spring_1,8.51,0
U0050,Google Ads,2024-05-13 00:00:00,Campaign_Fall_1,23.91,0
U0051,Email,2024-09-12 00:00:00,Campaign_Spring_2,15.19,0
U0051,Facebook Ads,2024-09-30 00:00:00,Campaign_Winter_2,12.93,0
U0051,Organic Search,2024-11-03 00:00:00,Campaign_Spring_5,1.45,0
U0051,Google Ads,2024-11-02 00:00:00,Campaign_Fall_3,3.14,1
U0052,Organic Search,2024-09-22 00:00:00,Campaign_Summer_5,4.3,0
U0052,Email,2024-10-11 00:00:00,Campaign_Winter_5,20.88,0
U0052,Organic Search,2024-11-11 00:00:00,Campaign_Spring_5,2.1,1
U0053,Organic Search,2024-07-06 00:00:00,Campaign_Summer_4,1.52,0
U0053,Organic Search,2024-07-07 00:00:00,Campaign_Spring_5,2.73,0
U0053,Email,2024-08-15 00:00:00,Campaign_Winter_5,16.26,0
U0053,Email,2024-08-02 00:00:00,Campaign_Summer_4,19.21,1
U0054,Google Ads,2024-08-06 00:00:00,Campaign_Winter_1,12.54,0
U0054,LinkedIn,2024-08-16 00:00:00,Campaign_Winter_5,10.03,0
U0054,Email,2024-09-05 00:00:00,Campaign_Spring_5,20.87,0
U0054,Google Ads,2024-08-24 00:00:00,Campaign_Fall_5,18.82,0
U0054,LinkedIn,2024-10-17 00:00:00,Campaign_Summer_3,18.61,0
U0055,Facebook Ads,2024-01-25 00:00:00,Campaign_Fall_5,1.78,0
U0056,LinkedIn,2024-09-17 00:00:00,Campaign_Fall_1,22.81,0
U0056,Organic Search,2024-09-20 00:00:00,Campaign_Summer_2,17.95,0
U0056,Webinar,2024-09-21 00:00:00,Campaign_Summer_4,5.57,0
U0056,LinkedIn,2024-11-16 00:00:00,Campaign_Spring_1,23.09,0
U0056,Webinar,2024-10-11 00:00:00,Campaign_Spring_3,0.62,0
U0056,Webinar,2024-10-22 00:00:00,Campaign_Fall_2,24.68,0
U0056,Facebook Ads,2025-02-20 00:00:00,Campaign_Fall_4,1.6,0
U0057,Organic Search,2024-05-06 00:00:00,Campaign_Fall_2,23.54,0
U0057,Webinar,2024-05-26 00:00:00,Campaign_Fall_4,17.41,0
U0057,Organic Search,2024-06-01 00:00:00,Campaign_Winter_3,21.14,0
U0058,Webinar,2024-09-06 00:00:00,Campaign_Winter_1,17.55,0
U0058,Facebook Ads,2024-09-20 00:00:00,Campaign_Summer_1,16.12,0
U0058,Facebook Ads,2024-09-12 00:00:00,Campaign_Winter_1,4.99,0
U0058,Facebook Ads,2024-10-06 00:00:00,Campaign_Fall_4,7.48,1
U0059,Google Ads,2024-05-25 00:00:00,Campaign_Spring_4,20.66,0
U0059,Facebook Ads,2024-06-22 00:00:00,Campaign_Spring_5,21.24,0
U0059,Facebook Ads,2024-06-06 00:00:00,Campaign_Spring_4,12.23,0
U0059,Facebook Ads,2024-06-03 00:00:00,Campaign_Spring_4,5.02,0
U0059,Webinar,2024-08-29 00:00:00,Campaign_Spring_2,11.18,0
U0060,LinkedIn,2024-08-12 00:00:00,Campaign_Spring_5,19.29,0
U0060,Facebook Ads,2024-08-18 00:00:00,Campaign_Fall_1,14.44,0
U0060,Facebook Ads,2024-10-11 00:00:00,Campaign_Fall_3,23.09,0
U0060,Organic Search,2024-09-14 00:00:00,Campaign_Summer_1,10.09,0
U0060,Email,2024-08-28 00:00:00,Campaign_Spring_2,5.01,0
U0060,Email,2024-09-11 00:00:00,Campaign_Winter_1,21.85,0
U0061,LinkedIn,2024-05-05 00:00:00,Campaign_Summer_2,13.9,0
U0061,Google Ads,2024-05-15 00:00:00,Campaign_Spring_1,10.54,0
U0062,Email,2024-03-27 00:00:00,Campaign_Spring_2,22.59,0
U0063,Google Ads,2024-01-04 00:00:00,Campaign_Winter_5,3.43,0
U0063,Webinar,2024-01-11 00:00:00,Campaign_Spring_5,13.87,0
U0063,Webinar,2024-01-04 00:00:00,Campaign_Winter_5,16.3,0
U0063,Webinar,2024-01-31 00:00:00,Campaign_Winter_4,22.8,0
U0064,Webinar,2024-09-08 00:00:00,Campaign_Winter_4,23.03,0
U0064,Organic Search,2024-09-12 00:00:00,Campaign_Fall_2,4.04,0
U0064,Webinar,2024-10-18 00:00:00,Campaign_Summer_4,24.98,0
U0064,Facebook Ads,2024-12-01 00:00:00,Campaign_Fall_1,11.08,0
U0065,Webinar,2024-03-14 00:00:00,Campaign_Summer_4,3.56,0
U0065,Email,2024-04-03 00:00:00,Campaign_Summer_4,10.82,0
U0065,Organic Search,2024-04-09 00:00:00,Campaign_Winter_4,23.83,0
U0065,Email,2024-04-25 00:00:00,Campaign_Fall_3,16.8,0
U0065,Webinar,2024-03-30 00:00:00,Campaign_Summer_2,5.82,1
U0066,Webinar,2024-10-18 00:00:00,Campaign_Fall_4,13.93,0
U0066,Organic Search,2024-11-11 00:00:00,Campaign_Fall_3,5.73,0
U0066,Organic Search,2024-10-26 00:00:00,Campaign_Spring_5,16.48,0
U0066,LinkedIn,2024-11-14 00:00:00,Campaign_Winter_1,5.39,1
U0067,Organic Search,2024-10-09 00:00:00,Campaign_Winter_2,23.61,0
U0067,Webinar,2024-10-09 00:00:00,Campaign_Summer_4,14.4,0
U0067,Email,2024-10-19 00:00:00,Campaign_Summer_4,14.59,0
U0067,Facebook Ads,2024-12-23 00:00:00,Campaign_Summer_4,8.25,0
U0067,Webinar,2024-11-06 00:00:00,Campaign_Summer_4,8.25,0
U0067,LinkedIn,2025-03-03 00:00:00,Campaign_Spring_1,19.78,0
U0068,Google Ads,2024-01-11 00:00:00,Campaign_Fall_1,8.18,0
U0068,Email,2024-02-08 00:00:00,Campaign_Summer_2,23.97,1
U0069,Email,2024-02-03 00:00:00,Campaign_Winter_4,8.8,0
U0069,Email,2024-02-08 00:00:00,Campaign_Fall_1,20.16,0
U0069,Facebook Ads,2024-02-13 00:00:00,Campaign_Summer_4,3.4,0
U0069,LinkedIn,2024-04-30 00:00:00,Campaign_Winter_2,14.26,0
U0069,Organic Search,2024-04-23 00:00:00,Campaign_Fall_2,24.42,0
U0070,Facebook Ads,2024-08-15 00:00:00,Campaign_Winter_4,9.79,0
U0070,Google Ads,2024-08-20 00:00:00,Campaign_Fall_4,14.83,0
U0070,Organic Search,2024-08-25 00:00:00,Campaign_Spring_4,23.69,1
U0071,Email,2024-06-22 00:00:00,Campaign_Spring_2,3.81,0
U0071,Webinar,2024-07-01 00:00:00,Campaign_Winter_2,3.22,0
U0071,Webinar,2024-08-19 00:00:00,Campaign_Summer_3,7.66,0
U0071,Google Ads,2024-09-05 00:00:00,Campaign_Fall_5,24.6,0
U0071,Google Ads,2024-08-21 00:00:00,Campaign_Winter_2,9.45,0
U0071,Facebook Ads,2024-08-01 00:00:00,Campaign_Fall_5,22.65,0
U0072,Google Ads,2024-09-07 00:00:00,Campaign_Summer_3,6.95,1
U0073,Webinar,2024-06-21 00:00:00,Campaign_Winter_1,8.66,0
U0073,Facebook Ads,2024-06-22 00:00:00,Campaign_Spring_5,0.97,0
U0073,Facebook Ads,2024-07-15 00:00:00,Campaign_Winter_4,10.02,0
U0073,Webinar,2024-08-26 00:00:00,Campaign_Fall_4,8.72,0
U0073,LinkedIn,2024-09-29 00:00:00,Campaign_Winter_4,17.83,0
U0073,Email,2024-07-11 00:00:00,Campaign_Fall_5,5.23,0
U0073,Email,2024-08-14 00:00:00,Campaign_Spring_4,23.01,1
U0074,Google Ads,2024-06-12 00:00:00,Campaign_Spring_2,20.25,0
U0074,Facebook Ads,2024-06-15 00:00:00,Campaign_Spring_2,9.65,0
U0075,Google Ads,2024-10-19 00:00:00,Campaign_Spring_1,18.22,0
U0075,Email,2024-11-11 00:00:00,Campaign_Spring_2,14.78,0
U0075,Organic Search,2024-12-18 00:00:00,Campaign_Fall_1,15.51,0
U0076,Google Ads,2024-03-12 00:00:00,Campaign_Summer_1,18.1,1
U0077,Facebook Ads,2024-01-02 00:00:00,Campaign_Summer_1,18.07,0
U0077,Email,2024-01-14 00:00:00,Campaign_Summer_4,20.53,0
U0078,Webinar,2024-04-05 00:00:00,Campaign_Spring_4,5.03,0
U0078,Google Ads,2024-04-05 00:00:00,Campaign_Summer_2,6.95,0
U0078,LinkedIn,2024-05-31 00:00:00,Campaign_Summer_1,17.72,0
U0078,Facebook Ads,2024-04-11 00:00:00,Campaign_Summer_3,19.03,0
U0078,Facebook Ads,2024-05-03 00:00:00,Campaign_Winter_5,7.77,0
U0078,LinkedIn,2024-06-09 00:00:00,Campaign_Fall_2,10.95,0
U0078,Email,2024-09-08 00:00:00,Campaign_Summer_5,0.67,0
U0078,Webinar,2024-10-18 00:00:00,Campaign_Fall_3,18.98,0
U0079,Webinar,2024-02-01 00:00:00,Campaign_Spring_5,19.01,0
U0079,Google Ads,2024-02-14 00:00:00,Campaign_Winter_1,24.44,1
U0080,Email,2024-06-12 00:00:00,Campaign_Spring_5,6.93,0
U0080,Email,2024-07-08 00:00:00,Campaign_Winter_3,18.68,0
U0081,Organic Search,2024-07-08 00:00:00,Campaign_Fall_5,24.98,0
U0081,Facebook Ads,2024-07-14 00:00:00,Campaign_Summer_1,17.43,0
U0081,Organic Search,2024-08-03 00:00:00,Campaign_Winter_3,23.12,0
U0081,Organic Search,2024-09-27 00:00:00,Campaign_Winter_4,11.58,0
U0081,Webinar,2024-07-24 00:00:00,Campaign_Winter_4,23.77,0
U0081,Facebook Ads,2024-11-20 00:00:00,Campaign_Fall_4,24.75,0
U0081,Facebook Ads,2024-11-05 00:00:00,Campaign_Winter_3,0.84,0
U0081,Webinar,2024-12-30 00:00:00,Campaign_Summer_2,15.03,0
U0082,Organic Search,2024-04-21 00:00:00,Campaign_Summer_3,8.76,0
U0082,Organic Search,2024-04-21 00:00:00,Campaign_Winter_2,7.94,0
U0082,LinkedIn,2024-06-20 00:00:00,Campaign_Fall_2,5.15,1
U0083,Facebook Ads,2024-08-09 00:00:00,Campaign_Winter_1,9.16,0
U0083,Google Ads,2024-08-12 00:00:00,Campaign_Fall_4,15.39,0
U0083,Facebook Ads,2024-08-17 00:00:00,Campaign_Winter_2,10.7,0
U0083,Email,2024-08-09 00:00:00,Campaign_Summer_3,15.95,0
U0083,LinkedIn,2024-11-01 00:00:00,Campaign_Winter_5,3.49,0
U0083,LinkedIn,2024-08-29 00:00:00,Campaign_Fall_3,18.26,0
U0083,Webinar,2025-01-06 00:00:00,Campaign_Summer_3,14.35,0
U0083,Google Ads,2024-11-22 00:00:00,Campaign_Spring_4,9.57,0
U0084,Facebook Ads,2024-04-17 00:00:00,Campaign_Fall_4,19.78,0
U0084,Email,2024-05-04 00:00:00,Campaign_Fall_2,22.6,0
U0084,Email,2024-06-16 00:00:00,Campaign_Summer_5,15.43,0
U0084,Facebook Ads,2024-07-04 00:00:00,Campaign_Winter_5,12.01,0
U0085,Organic Search,2024-06-09 00:00:00,Campaign_Summer_5,8.38,0
U0086,Webinar,2024-08-24 00:00:00,Campaign_Fall_1,11.51,0
U0086,Facebook Ads,2024-09-17 00:00:00,Campaign_Fall_2,9.41,0
U0086,Google Ads,2024-10-11 00:00:00,Campaign_Winter_2,5.97,0
U0086,Email,2024-08-24 00:00:00,Campaign_Fall_5,12.32,0
U0086,Email,2024-09-09 00:00:00,Campaign_Fall_4,24.64,0
U0086,LinkedIn,2024-11-27 00:00:00,Campaign_Summer_2,23.96,0
U0086,LinkedIn,2024-12-16 00:00:00,Campaign_Spring_3,18.47,0
U0086,Facebook Ads,2025-02-01 00:00:00,Campaign_Fall_2,19.87,0
U0087,Facebook Ads,2024-01-06 00:00:00,Campaign_Fall_1,1.21,0
U0087,Organic Search,2024-01-26 00:00:00,Campaign_Spring_3,11.89,0
U0087,Facebook Ads,2024-03-04 00:00:00,Campaign_Winter_4,14.1,0
U0087,Organic Search,2024-03-03 00:00:00,Campaign_Fall_1,23.45,0
U0087,Email,2024-03-02 00:00:00,Campaign_Summer_5,11.61,0
U0087,LinkedIn,2024-01-31 00:00:00,Campaign_Summer_3,23.92,0
U0087,Google Ads,2024-01-24 00:00:00,Campaign_Fall_5,12.19,1
U0088,LinkedIn,2024-06-10 00:00:00,Campaign_Spring_4,16.34,0
U0088,Facebook Ads,2024-06-22 00:00:00,Campaign_Fall_5,20.98,0
U0088,Webinar,2024-06-12 00:00:00,Campaign_Fall_3,14.36,0
U0089,Webinar,2024-09-18 00:00:00,Campaign_Summer_4,2.07,1
U0090,Facebook Ads,2024-03-12 00:00:00,Campaign_Summer_1,18.99,0
U0090,Email,2024-03-23 00:00:00,Campaign_Spring_4,8.92,1
U0091,LinkedIn,2024-09-09 00:00:00,Campaign_Winter_4,17.52,0
U0091,Google Ads,2024-09-26 00:00:00,Campaign_Summer_4,4.4,0
U0092,Webinar,2024-04-26 00:00:00,Campaign_Spring_1,16.25,0
U0092,Facebook Ads,2024-05-18 00:00:00,Campaign_Winter_1,1.53,0
U0092,Facebook Ads,2024-06-13 00:00:00,Campaign_Summer_2,12.76,0
U0092,Organic Search,2024-05-26 00:00:00,Campaign_Winter_1,13.0,0
U0092,Organic Search,2024-06-01 00:00:00,Campaign_Spring_4,13.98,1
U0093,Facebook Ads,2024-04-12 00:00:00,Campaign_Winter_1,9.06,0
U0094,Facebook Ads,2024-10-24 00:00:00,Campaign_Winter_2,4.23,0
U0094,Webinar,2024-10-24 00:00:00,Campaign_Fall_3,14.13,0
U0095,LinkedIn,2024-03-22 00:00:00,Campaign_Fall_3,5.3,0
U0095,Email,2024-04-19 00:00:00,Campaign_Winter_1,16.44,0
U0095,Google Ads,2024-04-19 00:00:00,Campaign_Winter_5,24.21,0
U0095,LinkedIn,2024-05-24 00:00:00,Campaign_Winter_2,5.03,0
U0095,Organic Search,2024-03-26 00:00:00,Campaign_Spring_2,5.4,0
U0095,Webinar,2024-06-20 00:00:00,Campaign_Fall_2,22.22,0
U0095,Email,2024-08-25 00:00:00,Campaign_Fall_4,1.83,0
U0096,Email,2024-10-17 00:00:00,Campaign_Summer_5,1.08,0
U0096,Facebook Ads,2024-10-17 00:00:00,Campaign_Summer_3,5.56,0
U0096,Webinar,2024-12-16 00:00:00,Campaign_Winter_3,11.72,0
U0096,LinkedIn,2024-11-22 00:00:00,Campaign_Summer_4,12.26,0
U0097,Google Ads,2024-05-07 00:00:00,Campaign_Spring_5,1.73,0
U0097,Email,2024-05-07 00:00:00,Campaign_Spring_3,11.4,0
U0097,LinkedIn,2024-06-22 00:00:00,Campaign_Summer_1,1.81,0
U0097,Webinar,2024-05-25 00:00:00,Campaign_Summer_4,18.68,0
U0097,Google Ads,2024-06-20 00:00:00,Campaign_Fall_4,16.51,1
U0098,Facebook Ads,2024-01-18 00:00:00,Campaign_Fall_4,23.29,0
U0098,Facebook Ads,2024-02-15 00:00:00,Campaign_Spring_1,22.07,0
U0098,Organic Search,2024-03-16 00:00:00,Campaign_Summer_1,3.26,0
U0098,Facebook Ads,2024-03-27 00:00:00,Campaign_Winter_5,17.53,0
U0098,Email,2024-02-19 00:00:00,Campaign_Spring_5,12.25,0
U0099,Organic Search,2024-04-20 00:00:00,Campaign_Spring_1,12.69,0
U0099,Organic Search,2024-05-16 00:00:00,Campaign_Winter_2,24.34,0
U0099,Google Ads,2024-05-26 00:00:00,Campaign_Spring_3,17.89,1
U0100,Webinar,2024-04-13 00:00:00,Campaign_Fall_2,6.25,0
U0100,Google Ads,2024-04-27 00:00:00,Campaign_Spring_5,20.97,0
U0100,LinkedIn,2024-05-09 00:00:00,Campaign_Winter_2,18.03,0
U0100,Google Ads,2024-06-21 00:00:00,Campaign_Fall_3,2.67,0
U0100,Organic Search,2024-05-27 00:00:00,Campaign_Winter_5,4.52,0
U0100,Email,2024-07-27 00:00:00,Campaign_Summer_3,18.51,0
U0100,Organic Search,2024-06-18 00:00:00,Campaign_Summer_5,10.34,0
U0100,Email,2024-07-20 00:00:00,Campaign_Fall_2,20.45,0
U0101,Organic Search,2024-10-04 00:00:00,Campaign_Spring_5,6.7,0
U0101,Email,2024-10-08 00:00:00,Campaign_Fall_4,11.54,0
U0101,Webinar,2024-11-07 00:00:00,Campaign_Summer_1,8.91,0
U0101,Webinar,2024-12-30 00:00:00,Campaign_Summer_5,8.87,0
U0101,Webinar,2024-12-23 00:00:00,Campaign_Summer_5,3.92,0
U0101,Facebook Ads,2025-02-11 00:00:00,Campaign_Winter_1,20.67,0
U0101,Google Ads,2025-03-21 00:00:00,Campaign_Spring_5,3.04,0
U0101,Email,2024-10-04 00:00:00,Campaign_Summer_2,17.26,0
U0102,Email,2024-09-07 00:00:00,Campaign_Winter_5,16.59,0
U0102,Facebook Ads,2024-09-19 00:00:00,Campaign_Fall_4,17.35,0
U0102,Facebook Ads,2024-09-13 00:00:00,Campaign_Winter_2,20.94,0
U0102,Facebook Ads,2024-11-30 00:00:00,Campaign_Spring_5,20.1,0
U0102,Facebook Ads,2024-11-06 00:00:00,Campaign_Spring_3,6.42,0
U0102,Email,2024-11-06 00:00:00,Campaign_Summer_5,16.14,1
U0103,Google Ads,2024-01-13 00:00:00,Campaign_Summer_2,20.78,0
U0103,Google Ads,2024-02-03 00:00:00,Campaign_Spring_3,11.59,0
U0103,Organic Search,2024-01-19 00:00:00,Campaign_Fall_4,0.76,0
U0103,Email,2024-03-10 00:00:00,Campaign_Fall_4,9.69,1
U0104,Organic Search,2024-08-07 00:00:00,Campaign_Spring_4,24.44,0
U0104,Email,2024-08-22 00:00:00,Campaign_Fall_1,6.77,0
U0104,Organic Search,2024-09-06 00:00:00,Campaign_Spring_4,17.37,0
U0104,Email,2024-10-03 00:00:00,Campaign_Winter_1,9.81,0
U0104,Organic Search,2024-12-05 00:00:00,Campaign_Spring_4,6.68,0
U0105,Webinar,2024-02-12 00:00:00,Campaign_Spring_4,9.81,0
U0105,Facebook Ads,2024-02-22 00:00:00,Campaign_Winter_1,8.41,1
U0106,Google Ads,2024-04-20 00:00:00,Campaign_Summer_5,21.64,0
U0106,Google Ads,2024-05-14 00:00:00,Campaign_Winter_1,12.8,0
U0106,Email,2024-05-18 00:00:00,Campaign_Winter_5,16.52,0
U0106,Email,2024-04-23 00:00:00,Campaign_Spring_5,12.53,0
U0106,Organic Search,2024-08-10 00:00:00,Campaign_Fall_2,1.48,0
U0106,Email,2024-07-24 00:00:00,Campaign_Winter_1,17.33,0
U0106,Google Ads,2024-10-17 00:00:00,Campaign_Summer_4,12.41,0
U0106,Organic Search,2024-04-20 00:00:00,Campaign_Summer_4,1.57,0
U0107,LinkedIn,2024-04-24 00:00:00,Campaign_Winter_2,17.99,0
U0107,Webinar,2024-05-19 00:00:00,Campaign_Spring_1,4.53,0
U0107,Webinar,2024-05-02 00:00:00,Campaign_Spring_4,12.66,1
U0108,Webinar,2024-01-11 00:00:00,Campaign_Fall_5,3.11,0
U0108,Google Ads,2024-01-26 00:00:00,Campaign_Fall_4,14.15,0
U0108,Google Ads,2024-02-06 00:00:00,Campaign_Spring_1,6.94,0
U0108,Webinar,2024-04-10 00:00:00,Campaign_Fall_4,10.33,0
U0108,Facebook Ads,2024-05-06 00:00:00,Campaign_Summer_1,1.09,0
U0108,LinkedIn,2024-01-21 00:00:00,Campaign_Summer_2,11.43,0
U0108,Email,2024-04-22 00:00:00,Campaign_Fall_4,2.14,0
U0109,Google Ads,2024-10-25 00:00:00,Campaign_Summer_2,4.11,0
U0109,Webinar,2024-10-29 00:00:00,Campaign_Winter_1,9.61,0
U0109,Google Ads,2024-11-26 00:00:00,Campaign_Spring_5,16.81,0
U0110,Email,2024-06-04 00:00:00,Campaign_Summer_4,20.13,0
U0111,Google Ads,2024-08-31 00:00:00,Campaign_Summer_4,14.05,0
U0111,LinkedIn,2024-09-20 00:00:00,Campaign_Spring_2,16.84,0
U0111,LinkedIn,2024-10-24 00:00:00,Campaign_Summer_1,12.2,0
U0111,LinkedIn,2024-09-06 00:00:00,Campaign_Summer_2,15.86,0
U0112,Email,2024-07-04 00:00:00,Campaign_Winter_1,18.93,0
U0112,Email,2024-07-05 00:00:00,Campaign_Winter_1,5.22,0
U0112,Email,2024-08-19 00:00:00,Campaign_Winter_4,15.36,0
U0112,Facebook Ads,2024-09-23 00:00:00,Campaign_Summer_4,15.56,0
U0112,LinkedIn,2024-10-12 00:00:00,Campaign_Winter_2,6.41,0
U0112,Email,2024-09-22 00:00:00,Campaign_Winter_1,11.1,0
U0112,Organic Search,2024-07-04 00:00:00,Campaign_Spring_5,2.58,0
U0113,Email,2024-01-21 00:00:00,Campaign_Winter_3,7.94,0
U0113,LinkedIn,2024-02-07 00:00:00,Campaign_Fall_3,21.46,0
U0113,LinkedIn,2024-02-20 00:00:00,Campaign_Winter_4,19.06,0
U0114,Organic Search,2024-08-28 00:00:00,Campaign_Fall_5,13.17,0
U0114,Google Ads,2024-09-17 00:00:00,Campaign_Fall_3,23.39,0
U0114,Email,2024-10-21 00:00:00,Campaign_Summer_3,23.21,1
U0115,Email,2024-05-02 00:00:00,Campaign_Summer_3,13.18,0
U0115,Email,2024-05-15 00:00:00,Campaign_Fall_5,10.88,0
U0115,Facebook Ads,2024-06-13 00:00:00,Campaign_Summer_3,5.15,0
U0115,Email,2024-07-04 00:00:00,Campaign_Fall_2,20.05,0
U0115,LinkedIn,2024-07-13 00:00:00,Campaign_Summer_1,18.25,0
U0115,Email,2024-09-19 00:00:00,Campaign_Summer_2,15.15,0
U0116,Organic Search,2024-04-03 00:00:00,Campaign_Fall_2,10.09,0
U0116,Email,2024-04-25 00:00:00,Campaign_Winter_5,8.86,0
U0116,LinkedIn,2024-04-19 00:00:00,Campaign_Spring_3,3.55,0
U0116,LinkedIn,2024-05-09 00:00:00,Campaign_Winter_1,2.13,0
U0116,Email,2024-07-12 00:00:00,Campaign_Winter_4,23.4,0
U0116,LinkedIn,2024-06-27 00:00:00,Campaign_Fall_5,14.4,0
U0117,Webinar,2024-05-16 00:00:00,Campaign_Winter_5,3.15,0
U0117,Organic Search,2024-05-29 00:00:00,Campaign_Fall_1,3.92,0
U0117,Email,2024-05-22 00:00:00,Campaign_Spring_1,21.26,0
U0117,Google Ads,2024-06-09 00:00:00,Campaign_Fall_2,19.7,1
U0118,LinkedIn,2024-04-14 00:00:00,Campaign_Spring_1,3.23,0
U0118,Webinar,2024-05-03 00:00:00,Campaign_Fall_3,11.03,0
U0118,Facebook Ads,2024-04-28 00:00:00,Campaign_Fall_5,9.16,0
U0118,Facebook Ads,2024-05-05 00:00:00,Campaign_Spring_5,14.81,0
U0118,Facebook Ads,2024-07-19 00:00:00,Campaign_Summer_4,5.48,0
U0118,Google Ads,2024-07-18 00:00:00,Campaign_Summer_1,14.5,0
U0118,Email,2024-08-06 00:00:00,Campaign_Winter_1,2.84,1
U0119,Facebook Ads,2024-04-23 00:00:00,Campaign_Summer_2,7.35,0
U0119,Facebook Ads,2024-04-23 00:00:00,Campaign_Fall_4,14.7,0
U0119,Organic Search,2024-05-31 00:00:00,Campaign_Winter_2,6.19,0
U0119,Google Ads,2024-07-13 00:00:00,Campaign_Winter_4,11.34,0
U0119,Organic Search,2024-07-24 00:00:00,Campaign_Winter_1,13.76,0
U0119,Facebook Ads,2024-06-02 00:00:00,Campaign_Winter_4,19.84,0
U0119,Email,2024-07-28 00:00:00,Campaign_Fall_1,12.73,1
U0120,Facebook Ads,2024-08-14 00:00:00,Campaign_Spring_5,21.01,0
U0120,Organic Search,2024-09-04 00:00:00,Campaign_Summer_4,5.57,0
U0120,Email,2024-09-03 00:00:00,Campaign_Winter_3,6.59,0
U0120,Facebook Ads,2024-09-10 00:00:00,Campaign_Winter_5,22.0,0
U0120,Google Ads,2024-12-12 00:00:00,Campaign_Summer_1,11.58,0
U0120,Google Ads,2024-12-17 00:00:00,Campaign_Winter_5,8.96,0
U0120,Google Ads,2024-10-25 00:00:00,Campaign_Winter_4,18.24,0
U0121,Facebook Ads,2024-02-15 00:00:00,Campaign_Fall_3,22.83,0
U0121,Organic Search,2024-02-23 00:00:00,Campaign_Summer_2,5.87,0
U0121,Webinar,2024-03-22 00:00:00,Campaign_Summer_1,24.49,0
U0121,Google Ads,2024-03-19 00:00:00,Campaign_Summer_1,17.82,0
U0121,Google Ads,2024-03-06 00:00:00,Campaign_Spring_3,2.44,0
U0121,Email,2024-07-09 00:00:00,Campaign_Winter_2,7.68,0
U0121,Organic Search,2024-07-26 00:00:00,Campaign_Fall_2,6.11,0
U0122,Google Ads,2024-03-26 00:00:00,Campaign_Spring_5,16.54,0
U0122,Webinar,2024-04-20 00:00:00,Campaign_Summer_3,13.92,0
U0122,Organic Search,2024-05-25 00:00:00,Campaign_Summer_2,0.92,0
U0122,Facebook Ads,2024-06-24 00:00:00,Campaign_Spring_1,19.43,0
U0122,Facebook Ads,2024-04-27 00:00:00,Campaign_Spring_4,14.06,0
U0123,Facebook Ads,2024-04-01 00:00:00,Campaign_Summer_1,8.47,0
U0123,Email,2024-04-06 00:00:00,Campaign_Spring_5,12.86,0
U0123,Organic Search,2024-04-03 00:00:00,Campaign_Summer_2,1.68,0
U0123,Facebook Ads,2024-04-13 00:00:00,Campaign_Summer_5,20.94,0
U0123,Email,2024-06-12 00:00:00,Campaign_Winter_2,11.65,0
U0123,Google Ads,2024-07-20 00:00:00,Campaign_Summer_2,16.18,1
U0124,Google Ads,2024-02-04 00:00:00,Campaign_Fall_4,13.46,0
U0125,Organic Search,2024-07-21 00:00:00,Campaign_Winter_5,9.17,0
U0125,LinkedIn,2024-08-09 00:00:00,Campaign_Winter_3,13.33,0
U0125,Facebook Ads,2024-08-16 00:00:00,Campaign_Winter_2,20.22,0
U0125,Google Ads,2024-08-08 00:00:00,Campaign_Fall_3,3.33,0
U0125,Organic Search,2024-11-10 00:00:00,Campaign_Winter_4,7.84,0
U0125,Email,2024-07-21 00:00:00,Campaign_Winter_2,18.88,0
U0125,Organic Search,2024-08-26 00:00:00,Campaign_Summer_4,21.7,0
U0125,Webinar,2025-01-12 00:00:00,Campaign_Summer_3,10.21,0
U0126,Organic Search,2024-01-09 00:00:00,Campaign_Fall_4,10.28,0
U0126,Organic Search,2024-01-31 00:00:00,Campaign_Fall_2,11.85,0
U0126,Google Ads,2024-02-04 00:00:00,Campaign_Summer_2,22.48,0
U0127,Organic Search,2024-05-31 00:00:00,Campaign_Winter_4,2.41,0
U0127,Email,2024-06-09 00:00:00,Campaign_Winter_1,23.38,0
U0128,Email,2024-02-04 00:00:00,Campaign_Summer_1,24.81,0
U0128,Webinar,2024-02-08 00:00:00,Campaign_Fall_1,1.1,0
U0128,Webinar,2024-02-16 00:00:00,Campaign_Fall_1,11.48,0
U0128,LinkedIn,2024-03-05 00:00:00,Campaign_Winter_3,15.73,0
U0128,Email,2024-03-11 00:00:00,Campaign_Spring_5,14.85,0
U0128,Organic Search,2024-06-23 00:00:00,Campaign_Winter_4,19.21,0
U0128,Webinar,2024-02-10 00:00:00,Campaign_Spring_2,23.36,0
U0128,Email,2024-04-28 00:00:00,Campaign_Winter_3,4.03,0
U0129,Organic Search,2024-02-17 00:00:00,Campaign_Summer_1,1.58,0
U0129,Facebook Ads,2024-02-17 00:00:00,Campaign_Summer_4,14.45,0
U0129,Facebook Ads,2024-03-14 00:00:00,Campaign_Winter_5,14.42,0
U0129,Facebook Ads,2024-05-14 00:00:00,Campaign_Spring_1,4.5,0
U0130,Google Ads,2024-05-15 00:00:00,Campaign_Summer_4,22.92,0
U0131,Organic Search,2024-09-09 00:00:00,Campaign_Fall_5,18.33,0
U0131,Organic Search,2024-09-20 00:00:00,Campaign_Fall_5,14.18,0
U0131,Webinar,2024-11-04 00:00:00,Campaign_Fall_3,13.4,1
U0132,Organic Search,2024-05-05 00:00:00,Campaign_Winter_3,8.54,0
U0132,Email,2024-05-21 00:00:00,Campaign_Winter_4,1.76,0
U0132,Email,2024-06-10 00:00:00,Campaign_Fall_1,20.69,0
U0132,Facebook Ads,2024-06-25 00:00:00,Campaign_Summer_2,11.88,0
U0132,Google Ads,2024-05-21 00:00:00,Campaign_Fall_4,18.69,1
U0133,Facebook Ads,2024-10-17 00:00:00,Campaign_Summer_5,12.29,0
U0133,Webinar,2024-11-15 00:00:00,Campaign_Spring_3,23.19,0
U0133,Organic Search,2024-10-19 00:00:00,Campaign_Winter_4,4.27,0
U0133,Google Ads,2024-12-01 00:00:00,Campaign_Fall_3,3.4,0
U0133,Organic Search,2024-11-14 00:00:00,Campaign_Winter_4,14.92,0
U0133,Organic Search,2024-12-16 00:00:00,Campaign_Summer_3,6.46,0
U0133,Facebook Ads,2025-03-16 00:00:00,Campaign_Fall_2,15.15,1
U0134,Webinar,2024-02-12 00:00:00,Campaign_Spring_2,13.74,0
U0134,Google Ads,2024-02-27 00:00:00,Campaign_Summer_1,0.55,0
U0134,Google Ads,2024-02-22 00:00:00,Campaign_Summer_3,24.6,0
U0134,Webinar,2024-03-16 00:00:00,Campaign_Fall_5,2.64,0
U0134,Email,2024-03-03 00:00:00,Campaign_Fall_1,1.45,0
U0134,Google Ads,2024-05-12 00:00:00,Campaign_Spring_5,0.51,0
U0134,Facebook Ads,2024-08-04 00:00:00,Campaign_Summer_4,20.69,1
U0135,LinkedIn,2024-02-25 00:00:00,Campaign_Spring_5,7.47,0
U0135,Organic Search,2024-02-27 00:00:00,Campaign_Fall_2,16.26,0
U0135,LinkedIn,2024-04-09 00:00:00,Campaign_Spring_4,15.36,0
U0135,Email,2024-05-01 00:00:00,Campaign_Spring_4,21.38,0
U0135,Facebook Ads,2024-05-19 00:00:00,Campaign_Winter_4,9.29,0
U0135,Email,2024-05-15 00:00:00,Campaign_Fall_4,10.74,0
U0135,Facebook Ads,2024-08-17 00:00:00,Campaign_Fall_3,5.66,0
U0135,Facebook Ads,2024-06-02 00:00:00,Campaign_Summer_1,2.45,1
U0136,Facebook Ads,2024-03-16 00:00:00,Campaign_Summer_1,7.42,0
U0136,Webinar,2024-03-26 00:00:00,Campaign_Fall_5,6.36,1
U0137,Webinar,2024-08-10 00:00:00,Campaign_Fall_2,22.44,0
U0137,Google Ads,2024-08-30 00:00:00,Campaign_Fall_2,10.07,0
U0137,Google Ads,2024-09-01 00:00:00,Campaign_Spring_1,21.11,0
U0137,Email,2024-10-24 00:00:00,Campaign_Winter_2,20.41,0
U0137,Webinar,2024-10-05 00:00:00,Campaign_Winter_3,11.52,0
U0137,Email,2024-12-18 00:00:00,Campaign_Winter_3,23.97,0
U0137,LinkedIn,2025-01-01 00:00:00,Campaign_Summer_1,21.79,0
U0137,Email,2024-09-14 00:00:00,Campaign_Winter_1,12.43,0
U0138,Facebook Ads,2024-03-16 00:00:00,Campaign_Winter_3,22.73,0
U0138,Facebook Ads,2024-04-08 00:00:00,Campaign_Winter_1,19.39,0
U0138,Email,2024-04-25 00:00:00,Campaign_Fall_5,9.64,0
U0138,Google Ads,2024-03-16 00:00:00,Campaign_Winter_5,5.44,0
U0138,Email,2024-04-01 00:00:00,Campaign_Fall_5,10.07,0
U0138,LinkedIn,2024-06-04 00:00:00,Campaign_Summer_4,19.36,1
U0139,LinkedIn,2024-08-20 00:00:00,Campaign_Fall_5,24.92,0
U0140,Organic Search,2024-01-23 00:00:00,Campaign_Spring_4,20.82,0
U0140,Organic Search,2024-02-05 00:00:00,Campaign_Summer_3,20.95,0
U0140,Organic Search,2024-02-06 00:00:00,Campaign_Fall_3,22.34,0
U0140,Google Ads,2024-04-13 00:00:00,Campaign_Summer_5,6.73,0
U0140,Google Ads,2024-02-24 00:00:00,Campaign_Summer_1,5.93,0
U0140,Organic Search,2024-06-01 00:00:00,Campaign_Summer_4,0.56,0
U0140,Google Ads,2024-01-29 00:00:00,Campaign_Fall_5,20.45,0
U0140,Organic Search,2024-05-21 00:00:00,Campaign_Spring_5,21.78,1
U0141,Facebook Ads,2024-01-27 00:00:00,Campaign_Fall_1,21.45,0
U0141,Organic Search,2024-02-25 00:00:00,Campaign_Fall_2,13.85,0
U0141,Google Ads,2024-02-08 00:00:00,Campaign_Winter_1,8.55,0
U0141,Organic Search,2024-02-17 00:00:00,Campaign_Spring_1,3.68,0
U0141,Webinar,2024-04-28 00:00:00,Campaign_Fall_2,16.61,0
U0142,Facebook Ads,2024-07-31 00:00:00,Campaign_Summer_3,2.89,0
U0142,Email,2024-08-29 00:00:00,Campaign_Fall_5,17.44,0
U0142,Google Ads,2024-09-09 00:00:00,Campaign_Spring_2,21.89,0
U0142,Google Ads,2024-10-20 00:00:00,Campaign_Summer_1,19.58,0
U0142,Email,2024-11-08 00:00:00,Campaign_Summer_1,19.24,1
U0143,LinkedIn,2024-03-03 00:00:00,Campaign_Winter_5,3.49,0
U0143,LinkedIn,2024-03-24 00:00:00,Campaign_Fall_1,9.23,0
U0143,Email,2024-03-07 00:00:00,Campaign_Summer_4,20.26,0
U0143,Email,2024-04-23 00:00:00,Campaign_Spring_5,20.21,0
U0143,Google Ads,2024-06-11 00:00:00,Campaign_Spring_2,4.07,0
U0143,LinkedIn,2024-03-28 00:00:00,Campaign_Summer_4,24.78,0
U0144,Organic Search,2024-01-16 00:00:00,Campaign_Spring_5,19.51,0
U0144,Facebook Ads,2024-01-28 00:00:00,Campaign_Summer_2,15.72,0
U0144,LinkedIn,2024-02-15 00:00:00,Campaign_Spring_2,20.95,0
U0144,Organic Search,2024-04-12 00:00:00,Campaign_Winter_4,8.39,0
U0144,Facebook Ads,2024-02-29 00:00:00,Campaign_Spring_1,11.6,0
U0144,LinkedIn,2024-01-16 00:00:00,Campaign_Fall_1,24.7,1
U0145,Google Ads,2024-06-22 00:00:00,Campaign_Fall_4,2.59,0
U0145,Google Ads,2024-07-18 00:00:00,Campaign_Spring_5,3.83,0
U0145,LinkedIn,2024-07-22 00:00:00,Campaign_Fall_1,15.81,0
U0145,Webinar,2024-06-25 00:00:00,Campaign_Fall_2,8.15,0
U0145,Organic Search,2024-10-04 00:00:00,Campaign_Fall_1,21.54,0
U0145,Email,2024-06-27 00:00:00,Campaign_Summer_3,20.48,0
U0146,Google Ads,2024-05-23 00:00:00,Campaign_Fall_1,12.71,0
U0146,Email,2024-06-15 00:00:00,Campaign_Winter_1,1.14,0
U0146,Email,2024-06-10 00:00:00,Campaign_Summer_1,21.8,1
U0147,Email,2024-07-04 00:00:00,Campaign_Fall_1,4.97,0
U0147,LinkedIn,2024-07-10 00:00:00,Campaign_Spring_2,1.7,1
U0148,Google Ads,2024-10-08 00:00:00,Campaign_Fall_5,16.62,0
U0148,Organic Search,2024-10-11 00:00:00,Campaign_Spring_3,23.01,0
U0148,Google Ads,2024-11-03 00:00:00,Campaign_Fall_3,18.66,0
U0148,Google Ads,2024-10-20 00:00:00,Campaign_Spring_5,0.6,0
U0148,Organic Search,2025-01-28 00:00:00,Campaign_Spring_4,20.33,0
U0149,LinkedIn,2024-10-04 00:00:00,Campaign_Summer_1,8.68,0
U0149,Webinar,2024-10-09 00:00:00,Campaign_Spring_1,12.02,0
U0149,Webinar,2024-11-19 00:00:00,Campaign_Summer_2,18.58,0
U0149,Webinar,2024-12-21 00:00:00,Campaign_Summer_4,0.63,0
U0149,Email,2024-12-07 00:00:00,Campaign_Summer_4,13.92,0
U0149,Organic Search,2024-10-09 00:00:00,Campaign_Summer_5,16.84,0
U0149,LinkedIn,2024-11-09 00:00:00,Campaign_Fall_3,3.84,1
U0150,LinkedIn,2024-10-23 00:00:00,Campaign_Spring_4,6.75,0
U0150,Organic Search,2024-11-11 00:00:00,Campaign_Spring_1,10.44,0
U0150,Webinar,2024-11-04 00:00:00,Campaign_Fall_2,14.63,0
U0150,Webinar,2025-01-09 00:00:00,Campaign_Spring_2,3.74,0
U0150,Facebook Ads,2024-10-27 00:00:00,Campaign_Summer_1,18.42,0
U0150,Organic Search,2025-02-05 00:00:00,Campaign_Summer_2,7.28,0
U0150,LinkedIn,2024-11-10 00:00:00,Campaign_Spring_2,18.07,1
U0151,Organic Search,2024-07-30 00:00:00,Campaign_Summer_2,18.25,1
U0152,Organic Search,2024-07-07 00:00:00,Campaign_Fall_4,16.75,0
U0152,Webinar,2024-08-03 00:00:00,Campaign_Summer_2,10.04,1
U0153,Email,2024-05-04 00:00:00,Campaign_Winter_1,6.68,0
U0153,Organic Search,2024-05-17 00:00:00,Campaign_Summer_1,19.64,0
U0153,Google Ads,2024-06-25 00:00:00,Campaign_Winter_5,7.58,0
U0153,Google Ads,2024-06-12 00:00:00,Campaign_Fall_2,7.44,0
U0154,LinkedIn,2024-08-06 00:00:00,Campaign_Spring_5,11.63,0
U0154,Webinar,2024-08-15 00:00:00,Campaign_Summer_4,5.42,0
U0154,Email,2024-09-29 00:00:00,Campaign_Winter_4,7.11,0
U0155,Google Ads,2024-04-22 00:00:00,Campaign_Summer_4,9.92,0
U0155,LinkedIn,2024-05-22 00:00:00,Campaign_Summer_1,7.06,0
U0155,LinkedIn,2024-05-14 00:00:00,Campaign_Fall_1,7.16,0
U0155,LinkedIn,2024-06-24 00:00:00,Campaign_Fall_4,1.0,0
U0155,Google Ads,2024-07-03 00:00:00,Campaign_Summer_3,6.68,0
U0155,Webinar,2024-05-27 00:00:00,Campaign_Summer_4,24.45,0
U0155,Facebook Ads,2024-04-22 00:00:00,Campaign_Spring_3,19.33,0
U0155,LinkedIn,2024-10-07 00:00:00,Campaign_Winter_5,8.86,0
U0156,Email,2024-04-09 00:00:00,Campaign_Winter_3,17.55,0
U0156,LinkedIn,2024-04-17 00:00:00,Campaign_Summer_4,16.91,0
U0156,LinkedIn,2024-06-08 00:00:00,Campaign_Fall_1,9.81,0
U0156,Facebook Ads,2024-06-05 00:00:00,Campaign_Summer_3,1.62,0
U0156,Email,2024-05-19 00:00:00,Campaign_Winter_2,13.55,0
U0156,Facebook Ads,2024-06-23 00:00:00,Campaign_Winter_5,0.9,0
U0156,Google Ads,2024-04-21 00:00:00,Campaign_Summer_2,10.56,0
U0156,Facebook Ads,2024-04-16 00:00:00,Campaign_Winter_4,13.61,1
U0157,Organic Search,2024-02-22 00:00:00,Campaign_Summer_2,18.58,0
U0157,Email,2024-02-28 00:00:00,Campaign_Spring_1,6.78,0
U0158,LinkedIn,2024-03-02 00:00:00,Campaign_Winter_2,2.79,0
U0158,Facebook Ads,2024-03-31 00:00:00,Campaign_Spring_1,20.23,0
U0158,LinkedIn,2024-04-21 00:00:00,Campaign_Summer_1,12.16,0
U0158,LinkedIn,2024-03-26 00:00:00,Campaign_Summer_1,23.19,0
U0158,Facebook Ads,2024-05-01 00:00:00,Campaign_Winter_3,2.95,0
U0158,LinkedIn,2024-05-21 00:00:00,Campaign_Summer_5,7.3,0
U0158,Webinar,2024-05-19 00:00:00,Campaign_Fall_3,18.96,0
U0159,LinkedIn,2024-01-14 00:00:00,Campaign_Spring_3,5.22,0
U0159,Facebook Ads,2024-02-09 00:00:00,Campaign_Summer_1,18.44,0
U0159,Facebook Ads,2024-01-26 00:00:00,Campaign_Summer_2,7.73,0
U0160,Google Ads,2024-08-18 00:00:00,Campaign_Spring_2,9.48,1
U0161,Facebook Ads,2024-08-09 00:00:00,Campaign_Winter_4,0.69,0
U0161,Google Ads,2024-08-20 00:00:00,Campaign_Summer_4,3.16,0
U0161,Facebook Ads,2024-09-26 00:00:00,Campaign_Summer_1,4.27,0
U0161,Organic Search,2024-08-18 00:00:00,Campaign_Summer_2,7.02,0
U0161,Webinar,2024-10-12 00:00:00,Campaign_Fall_4,4.36,1
U0162,Organic Search,2024-08-17 00:00:00,Campaign_Fall_3,6.88,0
U0162,Webinar,2024-08-23 00:00:00,Campaign_Spring_2,10.44,0
U0162,LinkedIn,2024-09-10 00:00:00,Campaign_Winter_1,21.93,0
U0162,Webinar,2024-08-26 00:00:00,Campaign_Summer_1,6.13,0
U0163,Webinar,2024-10-13 00:00:00,Campaign_Summer_1,13.19,0
U0163,Facebook Ads,2024-10-30 00:00:00,Campaign_Summer_2,22.75,0
U0164,Email,2024-05-03 00:00:00,Campaign_Spring_3,6.9,0
U0164,Facebook Ads,2024-05-20 00:00:00,Campaign_Summer_1,10.98,0
U0165,Webinar,2024-03-12 00:00:00,Campaign_Spring_5,4.12,0
U0165,Google Ads,2024-03-26 00:00:00,Campaign_Winter_5,2.46,0
U0165,Email,2024-04-29 00:00:00,Campaign_Winter_2,17.19,0
U0165,Email,2024-06-01 00:00:00,Campaign_Spring_1,19.25,0
U0166,Google Ads,2024-01-13 00:00:00,Campaign_Spring_3,4.54,0
U0167,Google Ads,2024-02-12 00:00:00,Campaign_Winter_5,16.36,0
U0167,Webinar,2024-02-13 00:00:00,Campaign_Spring_2,24.72,0
U0168,LinkedIn,2024-07-13 00:00:00,Campaign_Fall_3,6.89,0
U0168,LinkedIn,2024-07-15 00:00:00,Campaign_Summer_5,16.87,0
U0168,Organic Search,2024-08-16 00:00:00,Campaign_Fall_4,13.29,0
U0168,Google Ads,2024-09-23 00:00:00,Campaign_Summer_2,20.7,0
U0168,LinkedIn,2024-08-18 00:00:00,Campaign_Spring_3,9.8,0
U0168,LinkedIn,2024-07-18 00:00:00,Campaign_Winter_4,1.14,0
U0169,Facebook Ads,2024-01-02 00:00:00,Campaign_Winter_3,16.1,0
U0170,LinkedIn,2024-07-04 00:00:00,Campaign_Summer_4,9.75,0
U0170,Facebook Ads,2024-07-07 00:00:00,Campaign_Winter_2,20.04,0
U0171,Email,2024-06-13 00:00:00,Campaign_Fall_2,19.74,0
U0171,Webinar,2024-06-25 00:00:00,Campaign_Spring_5,18.0,0
U0171,Organic Search,2024-07-23 00:00:00,Campaign_Spring_4,5.59,0
U0171,LinkedIn,2024-07-22 00:00:00,Campaign_Winter_5,9.2,0
U0172,Google Ads,2024-09-26 00:00:00,Campaign_Fall_1,23.24,1
U0173,LinkedIn,2024-05-09 00:00:00,Campaign_Spring_3,15.83,0
U0173,Webinar,2024-05-17 00:00:00,Campaign_Summer_5,23.74,0
U0173,Facebook Ads,2024-06-08 00:00:00,Campaign_Summer_4,18.1,0
U0173,LinkedIn,2024-05-27 00:00:00,Campaign_Spring_4,7.06,0
U0173,Webinar,2024-05-25 00:00:00,Campaign_Spring_2,17.57,0
U0173,Webinar,2024-08-12 00:00:00,Campaign_Fall_2,13.28,0
U0173,Webinar,2024-09-06 00:00:00,Campaign_Fall_4,7.79,0
U0174,Webinar,2024-05-04 00:00:00,Campaign_Summer_3,18.2,0
U0175,Email,2024-04-19 00:00:00,Campaign_Spring_4,21.9,0
U0175,Organic Search,2024-05-15 00:00:00,Campaign_Fall_4,4.34,0
U0175,Email,2024-06-18 00:00:00,Campaign_Fall_1,5.07,0
U0175,Facebook Ads,2024-07-03 00:00:00,Campaign_Fall_3,13.81,0
U0175,Email,2024-05-09 00:00:00,Campaign_Summer_1,16.88,0
U0175,Organic Search,2024-07-03 00:00:00,Campaign_Fall_4,19.91,0
U0175,Email,2024-09-28 00:00:00,Campaign_Spring_2,18.4,1
U0176,LinkedIn,2024-05-03 00:00:00,Campaign_Summer_3,8.62,0
U0176,Organic Search,2024-05-07 00:00:00,Campaign_Spring_3,1.42,0
U0176,Webinar,2024-06-14 00:00:00,Campaign_Spring_3,6.35,0
U0176,Facebook Ads,2024-07-29 00:00:00,Campaign_Summer_3,5.26,0
U0176,Email,2024-07-06 00:00:00,Campaign_Fall_1,10.17,0
U0176,Facebook Ads,2024-06-07 00:00:00,Campaign_Spring_1,2.82,0
U0177,Google Ads,2024-09-26 00:00:00,Campaign_Spring_5,24.4,0
U0177,LinkedIn,2024-10-03 00:00:00,Campaign_Spring_2,12.57,0
U0177,Organic Search,2024-10-04 00:00:00,Campaign_Fall_2,1.46,0
U0177,Google Ads,2024-11-04 00:00:00,Campaign_Spring_1,22.99,0
U0177,LinkedIn,2024-12-11 00:00:00,Campaign_Winter_3,24.79,0
U0177,Organic Search,2024-10-11 00:00:00,Campaign_Winter_5,18.15,0
U0177,Google Ads,2024-12-31 00:00:00,Campaign_Spring_2,5.61,0
U0177,Google Ads,2024-09-26 00:00:00,Campaign_Spring_3,19.58,0
U0178,LinkedIn,2024-10-08 00:00:00,Campaign_Spring_2,17.37,0
U0178,Organic Search,2024-10-18 00:00:00,Campaign_Winter_3,18.37,1
U0179,LinkedIn,2024-07-31 00:00:00,Campaign_Summer_4,9.51,0
U0179,Email,2024-08-25 00:00:00,Campaign_Summer_1,2.37,0
U0180,LinkedIn,2024-03-04 00:00:00,Campaign_Fall_1,13.71,0
U0180,Facebook Ads,2024-03-11 00:00:00,Campaign_Winter_5,12.19,0
U0181,Facebook Ads,2024-10-27 00:00:00,Campaign_Summer_2,23.57,1
U0182,Email,2024-02-07 00:00:00,Campaign_Fall_4,2.38,0
U0182,Google Ads,2024-02-15 00:00:00,Campaign_Fall_2,13.23,0
U0182,Webinar,2024-03-04 00:00:00,Campaign_Spring_3,15.95,1
U0183,Organic Search,2024-05-01 00:00:00,Campaign_Winter_1,13.22,0
U0183,Google Ads,2024-05-04 00:00:00,Campaign_Summer_4,19.62,0
U0183,Google Ads,2024-05-01 00:00:00,Campaign_Summer_1,13.25,0
U0183,Email,2024-05-19 00:00:00,Campaign_Winter_4,22.17,0
U0183,Google Ads,2024-05-09 00:00:00,Campaign_Winter_2,17.28,0
U0183,Email,2024-05-11 00:00:00,Campaign_Summer_1,23.84,0
U0184,Google Ads,2024-05-10 00:00:00,Campaign_Winter_5,13.98,0
U0184,LinkedIn,2024-05-23 00:00:00,Campaign_Spring_4,15.85,0
U0184,Organic Search,2024-06-09 00:00:00,Campaign_Summer_5,5.67,0
U0184,Email,2024-06-27 00:00:00,Campaign_Fall_1,3.34,0
U0185,Organic Search,2024-10-10 00:00:00,Campaign_Summer_3,7.81,0
U0185,Webinar,2024-10-25 00:00:00,Campaign_Summer_4,1.63,0
U0185,Webinar,2024-10-24 00:00:00,Campaign_Fall_5,18.23,0
U0185,Google Ads,2024-10-13 00:00:00,Campaign_Fall_4,17.43,0
U0185,LinkedIn,2024-10-10 00:00:00,Campaign_Spring_5,9.52,1
U0186,Google Ads,2024-05-28 00:00:00,Campaign_Winter_3,14.78,0
U0186,Organic Search,2024-06-02 00:00:00,Campaign_Winter_5,14.53,1
U0187,LinkedIn,2024-05-31 00:00:00,Campaign_Winter_1,22.28,0
U0187,Facebook Ads,2024-06-09 00:00:00,Campaign_Fall_5,9.91,0
U0187,LinkedIn,2024-07-30 00:00:00,Campaign_Summer_2,8.59,0
U0187,Email,2024-06-09 00:00:00,Campaign_Spring_5,22.24,0
U0187,LinkedIn,2024-08-11 00:00:00,Campaign_Summer_2,22.32,0
U0187,Facebook Ads,2024-06-15 00:00:00,Campaign_Summer_3,19.62,0
U0187,Organic Search,2024-10-22 00:00:00,Campaign_Winter_5,14.22,0
U0188,LinkedIn,2024-07-27 00:00:00,Campaign_Winter_2,10.25,0
U0189,Google Ads,2024-08-22 00:00:00,Campaign_Winter_2,18.86,0
U0189,LinkedIn,2024-08-31 00:00:00,Campaign_Summer_5,15.36,0
U0190,LinkedIn,2024-07-04 00:00:00,Campaign_Summer_5,19.05,0
U0190,Email,2024-07-30 00:00:00,Campaign_Spring_3,24.02,0
U0190,Webinar,2024-08-29 00:00:00,Campaign_Spring_2,22.61,0
U0190,LinkedIn,2024-08-27 00:00:00,Campaign_Winter_3,1.23,0
U0190,Facebook Ads,2024-10-12 00:00:00,Campaign_Winter_5,19.2,0
U0190,Webinar,2024-09-27 00:00:00,Campaign_Summer_4,16.69,0
U0191,Email,2024-10-08 00:00:00,Campaign_Winter_1,23.12,0
U0191,Google Ads,2024-10-14 00:00:00,Campaign_Winter_4,2.91,0
U0192,LinkedIn,2024-04-07 00:00:00,Campaign_Fall_1,6.67,0
U0192,Email,2024-04-13 00:00:00,Campaign_Winter_5,4.15,0
U0192,Email,2024-05-13 00:00:00,Campaign_Fall_1,21.44,0
U0193,Google Ads,2024-09-01 00:00:00,Campaign_Winter_5,10.07,0
U0193,Organic Search,2024-09-29 00:00:00,Campaign_Spring_1,3.36,0
U0193,Organic Search,2024-10-19 00:00:00,Campaign_Summer_1,2.49,0
U0194,Google Ads,2024-06-20 00:00:00,Campaign_Spring_1,9.69,0
U0194,LinkedIn,2024-06-21 00:00:00,Campaign_Fall_1,7.68,0
U0194,Google Ads,2024-07-28 00:00:00,Campaign_Fall_1,11.6,0
U0194,Facebook Ads,2024-08-31 00:00:00,Campaign_Summer_5,23.76,0
U0195,Facebook Ads,2024-03-14 00:00:00,Campaign_Fall_3,0.91,0
U0195,Organic Search,2024-03-29 00:00:00,Campaign_Winter_5,7.4,0
U0195,Google Ads,2024-03-24 00:00:00,Campaign_Winter_2,18.29,0
U0195,Organic Search,2024-05-25 00:00:00,Campaign_Summer_5,3.86,0
U0195,LinkedIn,2024-03-14 00:00:00,Campaign_Spring_4,18.26,0
U0195,Organic Search,2024-07-22 00:00:00,Campaign_Winter_1,24.56,0
U0195,Webinar,2024-06-30 00:00:00,Campaign_Spring_3,1.06,1
U0196,Facebook Ads,2024-02-04 00:00:00,Campaign_Winter_2,2.69,0
U0196,Email,2024-02-08 00:00:00,Campaign_Fall_2,5.46,0
U0196,Organic Search,2024-04-02 00:00:00,Campaign_Spring_4,13.84,0
U0196,Organic Search,2024-02-10 00:00:00,Campaign_Spring_2,21.31,0
U0196,Facebook Ads,2024-05-26 00:00:00,Campaign_Spring_1,15.27,0
U0197,Organic Search,2024-07-13 00:00:00,Campaign_Summer_5,24.5,1
U0198,LinkedIn,2024-03-08 00:00:00,Campaign_Fall_4,3.47,0
U0198,Organic Search,2024-03-14 00:00:00,Campaign_Spring_5,7.77,0
U0198,LinkedIn,2024-03-24 00:00:00,Campaign_Spring_2,21.68,0
U0198,Google Ads,2024-04-07 00:00:00,Campaign_Summer_4,7.7,0
U0198,Google Ads,2024-03-12 00:00:00,Campaign_Winter_3,7.48,0
U0198,Facebook Ads,2024-03-13 00:00:00,Campaign_Winter_2,17.21,0
U0199,Facebook Ads,2024-07-22 00:00:00,Campaign_Winter_4,16.85,0
U0199,Facebook Ads,2024-07-27 00:00:00,Campaign_Spring_1,20.93,0
U0200,LinkedIn,2024-09-08 00:00:00,Campaign_Summer_1,15.89,0
U0200,LinkedIn,2024-09-16 00:00:00,Campaign_Winter_2,14.53,0
